{"episode_rewards": [404.9915057914995, 685.824203821637, 553.9619047618992, 630.543283582076, 835.1430604982064, 790.5043478260742, 863.0989169675023, 367.3440443213152, 159.7894736842062, 746.8562499999839, 635.1154929577298, 492.9499999999849, 852.0301886792262, 685.8666666666536, 187.72459016393967], "mean": 592.7829286481289, "std": 220.83287687519896}