{"episode_rewards": [892.1078014184262, 916.2999999999845, 344.93924050631654, 809.2346020761139, 885.5013698629953, 835.1999999999854, 881.406405693937, 881.2788530465809, 74.09420849421002, 846.0749999999857, 862.8363636363464, 856.2957095709467, 814.4542372881205, 783.9352024921926, 604.8962025316339], "mean": 752.5703464411849, "std": 229.77184946317143}