{"episode_rewards": [273.35679012346003, 264.1384105960275, 247.12222222222275, 222.48064516129406, 225.40335570470188, 207.11003134796658, 248.95660377358897, 454.20711610486205, 332.7358208955202, 257.042857142862, 326.4232974910375, 330.93448275861647, 186.01111111111442, 233.23333333333716, 262.16415094340033], "mean": 271.4213485806674, "std": 64.59282303266754}