{"episode_rewards": [689.9355871886016, 615.52499999999, 608.9301003344362, 569.6819314641648, 563.1996632996529, 529.5296296296228, 408.6209302325528, 621.1543554006867, 633.0081081080965, 701.3184397163012, 535.1583586626069, 550.3854368931941, 561.1377850162772, 636.5548042704529, 771.3859437750893], "mean": 599.701738266115, "std": 82.84986339197094}