{"episode_rewards": [877.2584905660261, 578.3565916398597, 543.6499999999897, 677.2851590105892, 637.2737373737243, 792.8889298892882, 745.0178451178297, 675.8197324414577, 738.1838283828286, 725.2424657534103, 703.4714285714145, 578.9540540540434, 583.0683168316743, 647.3402730375273, 645.0612903225723], "mean": 676.5914761994823, "std": 87.31456842276944}