{"episode_rewards": [499.89999999999185, 596.196296296284, 518.6050359712133, 423.2333333333265, 577.6777777777662, 558.2629893238344, 604.3534412955337, 464.68405315613893, 450.77719298244773, 406.5225165562877, 636.9370370370244, 428.51952861952145, 516.4644171779064, 443.23333333332533, 549.8999999999901], "mean": 511.6844635240394, "std": 71.18803808485418}