{"number_episodes": 1, "episode_rewards": [-78.70000000006767], "mean_all_episodes": -78.70000000006767, "std_all_episodes": 0.0}